<?xml version="1.0" encoding="UTF-8"?>
<metadata xml:lang="en"><Esri><CreaDate>20200507</CreaDate><CreaTime>12024200</CreaTime><ArcGISFormat>1.0</ArcGISFormat><ArcGISstyle>INSPIRE Metadata Directive</ArcGISstyle><SyncOnce>TRUE</SyncOnce><DataProperties><itemProps><itemLocation><linkage Sync="TRUE">file://\\LT73516\C$\GIS\Jobs\gj1327\Working\ne_10m_Scotland_local_authoritiesCopy</linkage><protocol Sync="TRUE">Local Area Network</protocol></itemLocation></itemProps><copyHistory><copy source="C:\GIS\Data\Countries and land\Natural_Earth\ne_10m_Scotland_local_authorities" dest="\\LT73516\C$\GIS\Jobs\gj1327\Working\ne_10m_Scotland_local_authoritiesCopy" date="20200507" time="12024200"></copy></copyHistory></DataProperties></Esri></metadata>
